{
  "info": {
    "name": "KPA Form API",
    "schema": "https://schema.getpostman.com/json/collection/v2.1.0/collection.json"
  },
  "item": [
    {
      "name": "Create Form",
      "request": {
        "method": "POST",
        "header": [
          {
            "key": "Content-Type",
            "value": "application/json"
          }
        ],
        "url": {
          "raw": "http://localhost:8000/form",
          "host": [
            "localhost"
          ],
          "port": "8000",
          "path": [
            "form"
          ]
        },
        "body": {
          "mode": "raw",
          "raw": "{\"name\": \"Test User\", \"mobile\": \"1234567890\", \"email\": \"test@example.com\", \"address\": \"City\"}"
        }
      }
    },
    {
      "name": "Get Forms",
      "request": {
        "method": "GET",
        "header": [],
        "url": {
          "raw": "http://localhost:8000/forms",
          "host": [
            "localhost"
          ],
          "port": "8000",
          "path": [
            "forms"
          ]
        }
      }
    }
  ]
}